input_folder,embedding,model,experiment,fold,metric,value,model_class,summary_path
results/sciplex3_cv/max100,ecfp,linear,linear_ecfp,0,rmse_average,0.04966,LinearAdditive,results/sciplex3_cv/max100/linear_ecfp/fold0/evaluation/summary.csv
results/sciplex3_cv/max100,ecfp,linear,linear_ecfp,0,rmse_rank_average,0.4255,LinearAdditive,results/sciplex3_cv/max100/linear_ecfp/fold0/evaluation/summary.csv
results/sciplex3_cv/max100,ecfp,linear,linear_ecfp,0,cosine_pca_average,0.7899,LinearAdditive,results/sciplex3_cv/max100/linear_ecfp/fold0/evaluation/summary.csv
results/sciplex3_cv/max100,ecfp,linear,linear_ecfp,0,cosine_rank_pca_average,0.4181,LinearAdditive,results/sciplex3_cv/max100/linear_ecfp/fold0/evaluation/summary.csv
results/sciplex3_cv/max100,ecfp,linear,linear_ecfp,0,cosine_logfc,0.1439,LinearAdditive,results/sciplex3_cv/max100/linear_ecfp/fold0/evaluation/summary.csv
results/sciplex3_cv/max100,ecfp,linear,linear_ecfp,0,cosine_rank_logfc,0.4394,LinearAdditive,results/sciplex3_cv/max100/linear_ecfp/fold0/evaluation/summary.csv
results/sciplex3_cv/max100,ecfp,linear,linear_ecfp,0,r2_score_scores,-0.05732,LinearAdditive,results/sciplex3_cv/max100/linear_ecfp/fold0/evaluation/summary.csv
results/sciplex3_cv/max100,ecfp,linear,linear_ecfp,0,top_k_recall_scores,0.0,LinearAdditive,results/sciplex3_cv/max100/linear_ecfp/fold0/evaluation/summary.csv
results/sciplex3_cv/max100,ecfp,linear,linear_ecfp,0,mmd_pca,1.459,LinearAdditive,results/sciplex3_cv/max100/linear_ecfp/fold0/evaluation/summary.csv
results/sciplex3_cv/max100,ecfp,linear,linear_ecfp,0,mmd_rank_pca,0.4166,LinearAdditive,results/sciplex3_cv/max100/linear_ecfp/fold0/evaluation/summary.csv
results/sciplex3_cv/max100,ecfp,linear,linear_ecfp,1,rmse_average,0.04638,LinearAdditive,results/sciplex3_cv/max100/linear_ecfp/fold1/evaluation/summary.csv
results/sciplex3_cv/max100,ecfp,linear,linear_ecfp,1,rmse_rank_average,0.4104,LinearAdditive,results/sciplex3_cv/max100/linear_ecfp/fold1/evaluation/summary.csv
results/sciplex3_cv/max100,ecfp,linear,linear_ecfp,1,cosine_pca_average,0.795,LinearAdditive,results/sciplex3_cv/max100/linear_ecfp/fold1/evaluation/summary.csv
results/sciplex3_cv/max100,ecfp,linear,linear_ecfp,1,cosine_rank_pca_average,0.4013,LinearAdditive,results/sciplex3_cv/max100/linear_ecfp/fold1/evaluation/summary.csv
results/sciplex3_cv/max100,ecfp,linear,linear_ecfp,1,cosine_logfc,0.165,LinearAdditive,results/sciplex3_cv/max100/linear_ecfp/fold1/evaluation/summary.csv
results/sciplex3_cv/max100,ecfp,linear,linear_ecfp,1,cosine_rank_logfc,0.4266,LinearAdditive,results/sciplex3_cv/max100/linear_ecfp/fold1/evaluation/summary.csv
results/sciplex3_cv/max100,ecfp,linear,linear_ecfp,1,r2_score_scores,-0.05547,LinearAdditive,results/sciplex3_cv/max100/linear_ecfp/fold1/evaluation/summary.csv
results/sciplex3_cv/max100,ecfp,linear,linear_ecfp,1,top_k_recall_scores,0.0,LinearAdditive,results/sciplex3_cv/max100/linear_ecfp/fold1/evaluation/summary.csv
results/sciplex3_cv/max100,ecfp,linear,linear_ecfp,1,mmd_pca,1.391,LinearAdditive,results/sciplex3_cv/max100/linear_ecfp/fold1/evaluation/summary.csv
results/sciplex3_cv/max100,ecfp,linear,linear_ecfp,1,mmd_rank_pca,0.4073,LinearAdditive,results/sciplex3_cv/max100/linear_ecfp/fold1/evaluation/summary.csv
results/sciplex3_cv/max100,ecfp,linear,linear_ecfp,2,rmse_average,0.0513,LinearAdditive,results/sciplex3_cv/max100/linear_ecfp/fold2/evaluation/summary.csv
results/sciplex3_cv/max100,ecfp,linear,linear_ecfp,2,rmse_rank_average,0.4377,LinearAdditive,results/sciplex3_cv/max100/linear_ecfp/fold2/evaluation/summary.csv
results/sciplex3_cv/max100,ecfp,linear,linear_ecfp,2,cosine_pca_average,0.7735,LinearAdditive,results/sciplex3_cv/max100/linear_ecfp/fold2/evaluation/summary.csv
results/sciplex3_cv/max100,ecfp,linear,linear_ecfp,2,cosine_rank_pca_average,0.4249,LinearAdditive,results/sciplex3_cv/max100/linear_ecfp/fold2/evaluation/summary.csv
results/sciplex3_cv/max100,ecfp,linear,linear_ecfp,2,cosine_logfc,0.124,LinearAdditive,results/sciplex3_cv/max100/linear_ecfp/fold2/evaluation/summary.csv
results/sciplex3_cv/max100,ecfp,linear,linear_ecfp,2,cosine_rank_logfc,0.4758,LinearAdditive,results/sciplex3_cv/max100/linear_ecfp/fold2/evaluation/summary.csv
results/sciplex3_cv/max100,ecfp,linear,linear_ecfp,2,r2_score_scores,-0.06029,LinearAdditive,results/sciplex3_cv/max100/linear_ecfp/fold2/evaluation/summary.csv
results/sciplex3_cv/max100,ecfp,linear,linear_ecfp,2,top_k_recall_scores,0.0,LinearAdditive,results/sciplex3_cv/max100/linear_ecfp/fold2/evaluation/summary.csv
results/sciplex3_cv/max100,ecfp,linear,linear_ecfp,2,mmd_pca,1.536,LinearAdditive,results/sciplex3_cv/max100/linear_ecfp/fold2/evaluation/summary.csv
results/sciplex3_cv/max100,ecfp,linear,linear_ecfp,2,mmd_rank_pca,0.4326,LinearAdditive,results/sciplex3_cv/max100/linear_ecfp/fold2/evaluation/summary.csv
results/sciplex3_cv/max100,ecfp,linear,linear_ecfp,3,rmse_average,0.04709,LinearAdditive,results/sciplex3_cv/max100/linear_ecfp/fold3/evaluation/summary.csv
results/sciplex3_cv/max100,ecfp,linear,linear_ecfp,3,rmse_rank_average,0.3854,LinearAdditive,results/sciplex3_cv/max100/linear_ecfp/fold3/evaluation/summary.csv
results/sciplex3_cv/max100,ecfp,linear,linear_ecfp,3,cosine_pca_average,0.7895,LinearAdditive,results/sciplex3_cv/max100/linear_ecfp/fold3/evaluation/summary.csv
results/sciplex3_cv/max100,ecfp,linear,linear_ecfp,3,cosine_rank_pca_average,0.324,LinearAdditive,results/sciplex3_cv/max100/linear_ecfp/fold3/evaluation/summary.csv
results/sciplex3_cv/max100,ecfp,linear,linear_ecfp,3,cosine_logfc,0.1818,LinearAdditive,results/sciplex3_cv/max100/linear_ecfp/fold3/evaluation/summary.csv
results/sciplex3_cv/max100,ecfp,linear,linear_ecfp,3,cosine_rank_logfc,0.3894,LinearAdditive,results/sciplex3_cv/max100/linear_ecfp/fold3/evaluation/summary.csv
results/sciplex3_cv/max100,ecfp,linear,linear_ecfp,3,r2_score_scores,-0.05445,LinearAdditive,results/sciplex3_cv/max100/linear_ecfp/fold3/evaluation/summary.csv
results/sciplex3_cv/max100,ecfp,linear,linear_ecfp,3,top_k_recall_scores,0.0,LinearAdditive,results/sciplex3_cv/max100/linear_ecfp/fold3/evaluation/summary.csv
results/sciplex3_cv/max100,ecfp,linear,linear_ecfp,3,mmd_pca,1.468,LinearAdditive,results/sciplex3_cv/max100/linear_ecfp/fold3/evaluation/summary.csv
results/sciplex3_cv/max100,ecfp,linear,linear_ecfp,3,mmd_rank_pca,0.3484,LinearAdditive,results/sciplex3_cv/max100/linear_ecfp/fold3/evaluation/summary.csv
results/sciplex3_cv/max100,ecfp,latent,latent_ecfp,0,rmse_average,0.02417,LatentAdditive,results/sciplex3_cv/max100/latent_ecfp/fold0/evaluation/summary.csv
results/sciplex3_cv/max100,ecfp,latent,latent_ecfp,0,rmse_rank_average,0.3566,LatentAdditive,results/sciplex3_cv/max100/latent_ecfp/fold0/evaluation/summary.csv
results/sciplex3_cv/max100,ecfp,latent,latent_ecfp,0,cosine_pca_average,0.9044,LatentAdditive,results/sciplex3_cv/max100/latent_ecfp/fold0/evaluation/summary.csv
results/sciplex3_cv/max100,ecfp,latent,latent_ecfp,0,cosine_rank_pca_average,0.3149,LatentAdditive,results/sciplex3_cv/max100/latent_ecfp/fold0/evaluation/summary.csv
results/sciplex3_cv/max100,ecfp,latent,latent_ecfp,0,cosine_logfc,0.2864,LatentAdditive,results/sciplex3_cv/max100/latent_ecfp/fold0/evaluation/summary.csv
results/sciplex3_cv/max100,ecfp,latent,latent_ecfp,0,cosine_rank_logfc,0.3839,LatentAdditive,results/sciplex3_cv/max100/latent_ecfp/fold0/evaluation/summary.csv
results/sciplex3_cv/max100,ecfp,latent,latent_ecfp,0,r2_score_scores,-0.1794,LatentAdditive,results/sciplex3_cv/max100/latent_ecfp/fold0/evaluation/summary.csv
results/sciplex3_cv/max100,ecfp,latent,latent_ecfp,0,top_k_recall_scores,0.0,LatentAdditive,results/sciplex3_cv/max100/latent_ecfp/fold0/evaluation/summary.csv
results/sciplex3_cv/max100,ecfp,latent,latent_ecfp,0,mmd_pca,2.041,LatentAdditive,results/sciplex3_cv/max100/latent_ecfp/fold0/evaluation/summary.csv
results/sciplex3_cv/max100,ecfp,latent,latent_ecfp,0,mmd_rank_pca,0.3037,LatentAdditive,results/sciplex3_cv/max100/latent_ecfp/fold0/evaluation/summary.csv
results/sciplex3_cv/max100,ecfp,latent,latent_ecfp,1,rmse_average,0.02363,LatentAdditive,results/sciplex3_cv/max100/latent_ecfp/fold1/evaluation/summary.csv
results/sciplex3_cv/max100,ecfp,latent,latent_ecfp,1,rmse_rank_average,0.3316,LatentAdditive,results/sciplex3_cv/max100/latent_ecfp/fold1/evaluation/summary.csv
results/sciplex3_cv/max100,ecfp,latent,latent_ecfp,1,cosine_pca_average,0.9167,LatentAdditive,results/sciplex3_cv/max100/latent_ecfp/fold1/evaluation/summary.csv
results/sciplex3_cv/max100,ecfp,latent,latent_ecfp,1,cosine_rank_pca_average,0.2948,LatentAdditive,results/sciplex3_cv/max100/latent_ecfp/fold1/evaluation/summary.csv
results/sciplex3_cv/max100,ecfp,latent,latent_ecfp,1,cosine_logfc,0.3403,LatentAdditive,results/sciplex3_cv/max100/latent_ecfp/fold1/evaluation/summary.csv
results/sciplex3_cv/max100,ecfp,latent,latent_ecfp,1,cosine_rank_logfc,0.3389,LatentAdditive,results/sciplex3_cv/max100/latent_ecfp/fold1/evaluation/summary.csv
results/sciplex3_cv/max100,ecfp,latent,latent_ecfp,1,r2_score_scores,-0.1873,LatentAdditive,results/sciplex3_cv/max100/latent_ecfp/fold1/evaluation/summary.csv
results/sciplex3_cv/max100,ecfp,latent,latent_ecfp,1,top_k_recall_scores,0.0,LatentAdditive,results/sciplex3_cv/max100/latent_ecfp/fold1/evaluation/summary.csv
results/sciplex3_cv/max100,ecfp,latent,latent_ecfp,1,mmd_pca,1.996,LatentAdditive,results/sciplex3_cv/max100/latent_ecfp/fold1/evaluation/summary.csv
results/sciplex3_cv/max100,ecfp,latent,latent_ecfp,1,mmd_rank_pca,0.2865,LatentAdditive,results/sciplex3_cv/max100/latent_ecfp/fold1/evaluation/summary.csv
results/sciplex3_cv/max100,ecfp,latent,latent_ecfp,2,rmse_average,0.02287,LatentAdditive,results/sciplex3_cv/max100/latent_ecfp/fold2/evaluation/summary.csv
results/sciplex3_cv/max100,ecfp,latent,latent_ecfp,2,rmse_rank_average,0.3842,LatentAdditive,results/sciplex3_cv/max100/latent_ecfp/fold2/evaluation/summary.csv
results/sciplex3_cv/max100,ecfp,latent,latent_ecfp,2,cosine_pca_average,0.9241,LatentAdditive,results/sciplex3_cv/max100/latent_ecfp/fold2/evaluation/summary.csv
results/sciplex3_cv/max100,ecfp,latent,latent_ecfp,2,cosine_rank_pca_average,0.1454,LatentAdditive,results/sciplex3_cv/max100/latent_ecfp/fold2/evaluation/summary.csv
results/sciplex3_cv/max100,ecfp,latent,latent_ecfp,2,cosine_logfc,0.2918,LatentAdditive,results/sciplex3_cv/max100/latent_ecfp/fold2/evaluation/summary.csv
results/sciplex3_cv/max100,ecfp,latent,latent_ecfp,2,cosine_rank_logfc,0.3889,LatentAdditive,results/sciplex3_cv/max100/latent_ecfp/fold2/evaluation/summary.csv
results/sciplex3_cv/max100,ecfp,latent,latent_ecfp,2,r2_score_scores,-0.1794,LatentAdditive,results/sciplex3_cv/max100/latent_ecfp/fold2/evaluation/summary.csv
results/sciplex3_cv/max100,ecfp,latent,latent_ecfp,2,top_k_recall_scores,0.0,LatentAdditive,results/sciplex3_cv/max100/latent_ecfp/fold2/evaluation/summary.csv
results/sciplex3_cv/max100,ecfp,latent,latent_ecfp,2,mmd_pca,1.996,LatentAdditive,results/sciplex3_cv/max100/latent_ecfp/fold2/evaluation/summary.csv
results/sciplex3_cv/max100,ecfp,latent,latent_ecfp,2,mmd_rank_pca,0.1461,LatentAdditive,results/sciplex3_cv/max100/latent_ecfp/fold2/evaluation/summary.csv
results/sciplex3_cv/max100,ecfp,latent,latent_ecfp,3,rmse_average,0.02371,LatentAdditive,results/sciplex3_cv/max100/latent_ecfp/fold3/evaluation/summary.csv
results/sciplex3_cv/max100,ecfp,latent,latent_ecfp,3,rmse_rank_average,0.3291,LatentAdditive,results/sciplex3_cv/max100/latent_ecfp/fold3/evaluation/summary.csv
results/sciplex3_cv/max100,ecfp,latent,latent_ecfp,3,cosine_pca_average,0.9146,LatentAdditive,results/sciplex3_cv/max100/latent_ecfp/fold3/evaluation/summary.csv
results/sciplex3_cv/max100,ecfp,latent,latent_ecfp,3,cosine_rank_pca_average,0.2075,LatentAdditive,results/sciplex3_cv/max100/latent_ecfp/fold3/evaluation/summary.csv
results/sciplex3_cv/max100,ecfp,latent,latent_ecfp,3,cosine_logfc,0.316,LatentAdditive,results/sciplex3_cv/max100/latent_ecfp/fold3/evaluation/summary.csv
results/sciplex3_cv/max100,ecfp,latent,latent_ecfp,3,cosine_rank_logfc,0.3563,LatentAdditive,results/sciplex3_cv/max100/latent_ecfp/fold3/evaluation/summary.csv
results/sciplex3_cv/max100,ecfp,latent,latent_ecfp,3,r2_score_scores,-0.1829,LatentAdditive,results/sciplex3_cv/max100/latent_ecfp/fold3/evaluation/summary.csv
results/sciplex3_cv/max100,ecfp,latent,latent_ecfp,3,top_k_recall_scores,0.0,LatentAdditive,results/sciplex3_cv/max100/latent_ecfp/fold3/evaluation/summary.csv
results/sciplex3_cv/max100,ecfp,latent,latent_ecfp,3,mmd_pca,2.065,LatentAdditive,results/sciplex3_cv/max100/latent_ecfp/fold3/evaluation/summary.csv
results/sciplex3_cv/max100,ecfp,latent,latent_ecfp,3,mmd_rank_pca,0.1941,LatentAdditive,results/sciplex3_cv/max100/latent_ecfp/fold3/evaluation/summary.csv
results/sciplex3_cv/max100,ecfp,decoder,decoder_ecfp,0,rmse_average,0.02478,DecoderOnly,results/sciplex3_cv/max100/decoder_ecfp/fold0/evaluation/summary.csv
results/sciplex3_cv/max100,ecfp,decoder,decoder_ecfp,0,rmse_rank_average,0.3287,DecoderOnly,results/sciplex3_cv/max100/decoder_ecfp/fold0/evaluation/summary.csv
results/sciplex3_cv/max100,ecfp,decoder,decoder_ecfp,0,cosine_pca_average,0.9055,DecoderOnly,results/sciplex3_cv/max100/decoder_ecfp/fold0/evaluation/summary.csv
results/sciplex3_cv/max100,ecfp,decoder,decoder_ecfp,0,cosine_rank_pca_average,0.3368,DecoderOnly,results/sciplex3_cv/max100/decoder_ecfp/fold0/evaluation/summary.csv
results/sciplex3_cv/max100,ecfp,decoder,decoder_ecfp,0,cosine_logfc,0.2231,DecoderOnly,results/sciplex3_cv/max100/decoder_ecfp/fold0/evaluation/summary.csv
results/sciplex3_cv/max100,ecfp,decoder,decoder_ecfp,0,cosine_rank_logfc,0.3604,DecoderOnly,results/sciplex3_cv/max100/decoder_ecfp/fold0/evaluation/summary.csv
results/sciplex3_cv/max100,ecfp,decoder,decoder_ecfp,0,r2_score_scores,-0.06531,DecoderOnly,results/sciplex3_cv/max100/decoder_ecfp/fold0/evaluation/summary.csv
results/sciplex3_cv/max100,ecfp,decoder,decoder_ecfp,0,top_k_recall_scores,0.0,DecoderOnly,results/sciplex3_cv/max100/decoder_ecfp/fold0/evaluation/summary.csv
results/sciplex3_cv/max100,ecfp,decoder,decoder_ecfp,0,mmd_pca,2.085,DecoderOnly,results/sciplex3_cv/max100/decoder_ecfp/fold0/evaluation/summary.csv
results/sciplex3_cv/max100,ecfp,decoder,decoder_ecfp,0,mmd_rank_pca,0.3353,DecoderOnly,results/sciplex3_cv/max100/decoder_ecfp/fold0/evaluation/summary.csv
results/sciplex3_cv/max100,ecfp,decoder,decoder_ecfp,1,rmse_average,0.02363,DecoderOnly,results/sciplex3_cv/max100/decoder_ecfp/fold1/evaluation/summary.csv
results/sciplex3_cv/max100,ecfp,decoder,decoder_ecfp,1,rmse_rank_average,0.2979,DecoderOnly,results/sciplex3_cv/max100/decoder_ecfp/fold1/evaluation/summary.csv
results/sciplex3_cv/max100,ecfp,decoder,decoder_ecfp,1,cosine_pca_average,0.9252,DecoderOnly,results/sciplex3_cv/max100/decoder_ecfp/fold1/evaluation/summary.csv
results/sciplex3_cv/max100,ecfp,decoder,decoder_ecfp,1,cosine_rank_pca_average,0.302,DecoderOnly,results/sciplex3_cv/max100/decoder_ecfp/fold1/evaluation/summary.csv
results/sciplex3_cv/max100,ecfp,decoder,decoder_ecfp,1,cosine_logfc,0.2733,DecoderOnly,results/sciplex3_cv/max100/decoder_ecfp/fold1/evaluation/summary.csv
results/sciplex3_cv/max100,ecfp,decoder,decoder_ecfp,1,cosine_rank_logfc,0.326,DecoderOnly,results/sciplex3_cv/max100/decoder_ecfp/fold1/evaluation/summary.csv
results/sciplex3_cv/max100,ecfp,decoder,decoder_ecfp,1,r2_score_scores,-0.06605,DecoderOnly,results/sciplex3_cv/max100/decoder_ecfp/fold1/evaluation/summary.csv
results/sciplex3_cv/max100,ecfp,decoder,decoder_ecfp,1,top_k_recall_scores,0.0,DecoderOnly,results/sciplex3_cv/max100/decoder_ecfp/fold1/evaluation/summary.csv
results/sciplex3_cv/max100,ecfp,decoder,decoder_ecfp,1,mmd_pca,2.002,DecoderOnly,results/sciplex3_cv/max100/decoder_ecfp/fold1/evaluation/summary.csv
results/sciplex3_cv/max100,ecfp,decoder,decoder_ecfp,1,mmd_rank_pca,0.3004,DecoderOnly,results/sciplex3_cv/max100/decoder_ecfp/fold1/evaluation/summary.csv
results/sciplex3_cv/max100,ecfp,decoder,decoder_ecfp,2,rmse_average,0.02379,DecoderOnly,results/sciplex3_cv/max100/decoder_ecfp/fold2/evaluation/summary.csv
results/sciplex3_cv/max100,ecfp,decoder,decoder_ecfp,2,rmse_rank_average,0.3837,DecoderOnly,results/sciplex3_cv/max100/decoder_ecfp/fold2/evaluation/summary.csv
results/sciplex3_cv/max100,ecfp,decoder,decoder_ecfp,2,cosine_pca_average,0.9299,DecoderOnly,results/sciplex3_cv/max100/decoder_ecfp/fold2/evaluation/summary.csv
results/sciplex3_cv/max100,ecfp,decoder,decoder_ecfp,2,cosine_rank_pca_average,0.3846,DecoderOnly,results/sciplex3_cv/max100/decoder_ecfp/fold2/evaluation/summary.csv
results/sciplex3_cv/max100,ecfp,decoder,decoder_ecfp,2,cosine_logfc,0.2112,DecoderOnly,results/sciplex3_cv/max100/decoder_ecfp/fold2/evaluation/summary.csv
results/sciplex3_cv/max100,ecfp,decoder,decoder_ecfp,2,cosine_rank_logfc,0.3926,DecoderOnly,results/sciplex3_cv/max100/decoder_ecfp/fold2/evaluation/summary.csv
results/sciplex3_cv/max100,ecfp,decoder,decoder_ecfp,2,r2_score_scores,-0.0645,DecoderOnly,results/sciplex3_cv/max100/decoder_ecfp/fold2/evaluation/summary.csv
results/sciplex3_cv/max100,ecfp,decoder,decoder_ecfp,2,top_k_recall_scores,0.0,DecoderOnly,results/sciplex3_cv/max100/decoder_ecfp/fold2/evaluation/summary.csv
results/sciplex3_cv/max100,ecfp,decoder,decoder_ecfp,2,mmd_pca,2.024,DecoderOnly,results/sciplex3_cv/max100/decoder_ecfp/fold2/evaluation/summary.csv
results/sciplex3_cv/max100,ecfp,decoder,decoder_ecfp,2,mmd_rank_pca,0.3842,DecoderOnly,results/sciplex3_cv/max100/decoder_ecfp/fold2/evaluation/summary.csv
results/sciplex3_cv/max100,ecfp,decoder,decoder_ecfp,3,rmse_average,0.02424,DecoderOnly,results/sciplex3_cv/max100/decoder_ecfp/fold3/evaluation/summary.csv
results/sciplex3_cv/max100,ecfp,decoder,decoder_ecfp,3,rmse_rank_average,0.3132,DecoderOnly,results/sciplex3_cv/max100/decoder_ecfp/fold3/evaluation/summary.csv
results/sciplex3_cv/max100,ecfp,decoder,decoder_ecfp,3,cosine_pca_average,0.9173,DecoderOnly,results/sciplex3_cv/max100/decoder_ecfp/fold3/evaluation/summary.csv
results/sciplex3_cv/max100,ecfp,decoder,decoder_ecfp,3,cosine_rank_pca_average,0.2098,DecoderOnly,results/sciplex3_cv/max100/decoder_ecfp/fold3/evaluation/summary.csv
results/sciplex3_cv/max100,ecfp,decoder,decoder_ecfp,3,cosine_logfc,0.2627,DecoderOnly,results/sciplex3_cv/max100/decoder_ecfp/fold3/evaluation/summary.csv
results/sciplex3_cv/max100,ecfp,decoder,decoder_ecfp,3,cosine_rank_logfc,0.3236,DecoderOnly,results/sciplex3_cv/max100/decoder_ecfp/fold3/evaluation/summary.csv
results/sciplex3_cv/max100,ecfp,decoder,decoder_ecfp,3,r2_score_scores,-0.06651,DecoderOnly,results/sciplex3_cv/max100/decoder_ecfp/fold3/evaluation/summary.csv
results/sciplex3_cv/max100,ecfp,decoder,decoder_ecfp,3,top_k_recall_scores,0.0,DecoderOnly,results/sciplex3_cv/max100/decoder_ecfp/fold3/evaluation/summary.csv
results/sciplex3_cv/max100,ecfp,decoder,decoder_ecfp,3,mmd_pca,2.112,DecoderOnly,results/sciplex3_cv/max100/decoder_ecfp/fold3/evaluation/summary.csv
results/sciplex3_cv/max100,ecfp,decoder,decoder_ecfp,3,mmd_rank_pca,0.1878,DecoderOnly,results/sciplex3_cv/max100/decoder_ecfp/fold3/evaluation/summary.csv
results/sciplex3_cv/max100,ecfp,cpa,cpa_ecfp,0,rmse_average,0.02435,CPA,results/sciplex3_cv/max100/cpa_ecfp/fold0/evaluation/summary.csv
results/sciplex3_cv/max100,ecfp,cpa,cpa_ecfp,0,rmse_rank_average,0.3482,CPA,results/sciplex3_cv/max100/cpa_ecfp/fold0/evaluation/summary.csv
results/sciplex3_cv/max100,ecfp,cpa,cpa_ecfp,0,cosine_pca_average,0.8936,CPA,results/sciplex3_cv/max100/cpa_ecfp/fold0/evaluation/summary.csv
results/sciplex3_cv/max100,ecfp,cpa,cpa_ecfp,0,cosine_rank_pca_average,0.3196,CPA,results/sciplex3_cv/max100/cpa_ecfp/fold0/evaluation/summary.csv
results/sciplex3_cv/max100,ecfp,cpa,cpa_ecfp,0,cosine_logfc,0.2539,CPA,results/sciplex3_cv/max100/cpa_ecfp/fold0/evaluation/summary.csv
results/sciplex3_cv/max100,ecfp,cpa,cpa_ecfp,0,cosine_rank_logfc,0.4164,CPA,results/sciplex3_cv/max100/cpa_ecfp/fold0/evaluation/summary.csv
results/sciplex3_cv/max100,ecfp,cpa,cpa_ecfp,0,r2_score_scores,-0.001378,CPA,results/sciplex3_cv/max100/cpa_ecfp/fold0/evaluation/summary.csv
results/sciplex3_cv/max100,ecfp,cpa,cpa_ecfp,0,top_k_recall_scores,0.0004762,CPA,results/sciplex3_cv/max100/cpa_ecfp/fold0/evaluation/summary.csv
results/sciplex3_cv/max100,ecfp,cpa,cpa_ecfp,0,mmd_pca,2.096,CPA,results/sciplex3_cv/max100/cpa_ecfp/fold0/evaluation/summary.csv
results/sciplex3_cv/max100,ecfp,cpa,cpa_ecfp,0,mmd_rank_pca,0.3182,CPA,results/sciplex3_cv/max100/cpa_ecfp/fold0/evaluation/summary.csv
results/sciplex3_cv/max100,ecfp,cpa,cpa_ecfp,1,rmse_average,0.02326,CPA,results/sciplex3_cv/max100/cpa_ecfp/fold1/evaluation/summary.csv
results/sciplex3_cv/max100,ecfp,cpa,cpa_ecfp,1,rmse_rank_average,0.3509,CPA,results/sciplex3_cv/max100/cpa_ecfp/fold1/evaluation/summary.csv
results/sciplex3_cv/max100,ecfp,cpa,cpa_ecfp,1,cosine_pca_average,0.9179,CPA,results/sciplex3_cv/max100/cpa_ecfp/fold1/evaluation/summary.csv
results/sciplex3_cv/max100,ecfp,cpa,cpa_ecfp,1,cosine_rank_pca_average,0.3229,CPA,results/sciplex3_cv/max100/cpa_ecfp/fold1/evaluation/summary.csv
results/sciplex3_cv/max100,ecfp,cpa,cpa_ecfp,1,cosine_logfc,0.3145,CPA,results/sciplex3_cv/max100/cpa_ecfp/fold1/evaluation/summary.csv
results/sciplex3_cv/max100,ecfp,cpa,cpa_ecfp,1,cosine_rank_logfc,0.3823,CPA,results/sciplex3_cv/max100/cpa_ecfp/fold1/evaluation/summary.csv
results/sciplex3_cv/max100,ecfp,cpa,cpa_ecfp,1,r2_score_scores,-0.0007056,CPA,results/sciplex3_cv/max100/cpa_ecfp/fold1/evaluation/summary.csv
results/sciplex3_cv/max100,ecfp,cpa,cpa_ecfp,1,top_k_recall_scores,0.001905,CPA,results/sciplex3_cv/max100/cpa_ecfp/fold1/evaluation/summary.csv
results/sciplex3_cv/max100,ecfp,cpa,cpa_ecfp,1,mmd_pca,2.003,CPA,results/sciplex3_cv/max100/cpa_ecfp/fold1/evaluation/summary.csv
results/sciplex3_cv/max100,ecfp,cpa,cpa_ecfp,1,mmd_rank_pca,0.3105,CPA,results/sciplex3_cv/max100/cpa_ecfp/fold1/evaluation/summary.csv
results/sciplex3_cv/max100,ecfp,cpa,cpa_ecfp,2,rmse_average,0.02349,CPA,results/sciplex3_cv/max100/cpa_ecfp/fold2/evaluation/summary.csv
results/sciplex3_cv/max100,ecfp,cpa,cpa_ecfp,2,rmse_rank_average,0.3866,CPA,results/sciplex3_cv/max100/cpa_ecfp/fold2/evaluation/summary.csv
results/sciplex3_cv/max100,ecfp,cpa,cpa_ecfp,2,cosine_pca_average,0.9099,CPA,results/sciplex3_cv/max100/cpa_ecfp/fold2/evaluation/summary.csv
results/sciplex3_cv/max100,ecfp,cpa,cpa_ecfp,2,cosine_rank_pca_average,0.1467,CPA,results/sciplex3_cv/max100/cpa_ecfp/fold2/evaluation/summary.csv
results/sciplex3_cv/max100,ecfp,cpa,cpa_ecfp,2,cosine_logfc,0.2527,CPA,results/sciplex3_cv/max100/cpa_ecfp/fold2/evaluation/summary.csv
results/sciplex3_cv/max100,ecfp,cpa,cpa_ecfp,2,cosine_rank_logfc,0.4441,CPA,results/sciplex3_cv/max100/cpa_ecfp/fold2/evaluation/summary.csv
results/sciplex3_cv/max100,ecfp,cpa,cpa_ecfp,2,r2_score_scores,-0.003241,CPA,results/sciplex3_cv/max100/cpa_ecfp/fold2/evaluation/summary.csv
results/sciplex3_cv/max100,ecfp,cpa,cpa_ecfp,2,top_k_recall_scores,0.0003175,CPA,results/sciplex3_cv/max100/cpa_ecfp/fold2/evaluation/summary.csv
results/sciplex3_cv/max100,ecfp,cpa,cpa_ecfp,2,mmd_pca,2.06,CPA,results/sciplex3_cv/max100/cpa_ecfp/fold2/evaluation/summary.csv
results/sciplex3_cv/max100,ecfp,cpa,cpa_ecfp,2,mmd_rank_pca,0.1481,CPA,results/sciplex3_cv/max100/cpa_ecfp/fold2/evaluation/summary.csv
results/sciplex3_cv/max100,ecfp,cpa,cpa_ecfp,3,rmse_average,0.02363,CPA,results/sciplex3_cv/max100/cpa_ecfp/fold3/evaluation/summary.csv
results/sciplex3_cv/max100,ecfp,cpa,cpa_ecfp,3,rmse_rank_average,0.3762,CPA,results/sciplex3_cv/max100/cpa_ecfp/fold3/evaluation/summary.csv
results/sciplex3_cv/max100,ecfp,cpa,cpa_ecfp,3,cosine_pca_average,0.9057,CPA,results/sciplex3_cv/max100/cpa_ecfp/fold3/evaluation/summary.csv
results/sciplex3_cv/max100,ecfp,cpa,cpa_ecfp,3,cosine_rank_pca_average,0.2427,CPA,results/sciplex3_cv/max100/cpa_ecfp/fold3/evaluation/summary.csv
results/sciplex3_cv/max100,ecfp,cpa,cpa_ecfp,3,cosine_logfc,0.305,CPA,results/sciplex3_cv/max100/cpa_ecfp/fold3/evaluation/summary.csv
results/sciplex3_cv/max100,ecfp,cpa,cpa_ecfp,3,cosine_rank_logfc,0.3925,CPA,results/sciplex3_cv/max100/cpa_ecfp/fold3/evaluation/summary.csv
results/sciplex3_cv/max100,ecfp,cpa,cpa_ecfp,3,r2_score_scores,-0.001165,CPA,results/sciplex3_cv/max100/cpa_ecfp/fold3/evaluation/summary.csv
results/sciplex3_cv/max100,ecfp,cpa,cpa_ecfp,3,top_k_recall_scores,0.001951,CPA,results/sciplex3_cv/max100/cpa_ecfp/fold3/evaluation/summary.csv
results/sciplex3_cv/max100,ecfp,cpa,cpa_ecfp,3,mmd_pca,2.107,CPA,results/sciplex3_cv/max100/cpa_ecfp/fold3/evaluation/summary.csv
results/sciplex3_cv/max100,ecfp,cpa,cpa_ecfp,3,mmd_rank_pca,0.2242,CPA,results/sciplex3_cv/max100/cpa_ecfp/fold3/evaluation/summary.csv
results/sciplex3_cv/max100,ecfp,cpa_noadv,cpa_noadv_ecfp,0,rmse_average,0.02308,CPA,results/sciplex3_cv/max100/cpa_noadv_ecfp/fold0/evaluation/summary.csv
results/sciplex3_cv/max100,ecfp,cpa_noadv,cpa_noadv_ecfp,0,rmse_rank_average,0.3432,CPA,results/sciplex3_cv/max100/cpa_noadv_ecfp/fold0/evaluation/summary.csv
results/sciplex3_cv/max100,ecfp,cpa_noadv,cpa_noadv_ecfp,0,cosine_pca_average,0.9131,CPA,results/sciplex3_cv/max100/cpa_noadv_ecfp/fold0/evaluation/summary.csv
results/sciplex3_cv/max100,ecfp,cpa_noadv,cpa_noadv_ecfp,0,cosine_rank_pca_average,0.3413,CPA,results/sciplex3_cv/max100/cpa_noadv_ecfp/fold0/evaluation/summary.csv
results/sciplex3_cv/max100,ecfp,cpa_noadv,cpa_noadv_ecfp,0,cosine_logfc,0.284,CPA,results/sciplex3_cv/max100/cpa_noadv_ecfp/fold0/evaluation/summary.csv
results/sciplex3_cv/max100,ecfp,cpa_noadv,cpa_noadv_ecfp,0,cosine_rank_logfc,0.384,CPA,results/sciplex3_cv/max100/cpa_noadv_ecfp/fold0/evaluation/summary.csv
results/sciplex3_cv/max100,ecfp,cpa_noadv,cpa_noadv_ecfp,0,r2_score_scores,7.302e-05,CPA,results/sciplex3_cv/max100/cpa_noadv_ecfp/fold0/evaluation/summary.csv
results/sciplex3_cv/max100,ecfp,cpa_noadv,cpa_noadv_ecfp,0,top_k_recall_scores,0.001429,CPA,results/sciplex3_cv/max100/cpa_noadv_ecfp/fold0/evaluation/summary.csv
results/sciplex3_cv/max100,ecfp,cpa_noadv,cpa_noadv_ecfp,0,mmd_pca,0.8167,CPA,results/sciplex3_cv/max100/cpa_noadv_ecfp/fold0/evaluation/summary.csv
results/sciplex3_cv/max100,ecfp,cpa_noadv,cpa_noadv_ecfp,0,mmd_rank_pca,0.3457,CPA,results/sciplex3_cv/max100/cpa_noadv_ecfp/fold0/evaluation/summary.csv
results/sciplex3_cv/max100,ecfp,cpa_noadv,cpa_noadv_ecfp,1,rmse_average,0.02324,CPA,results/sciplex3_cv/max100/cpa_noadv_ecfp/fold1/evaluation/summary.csv
results/sciplex3_cv/max100,ecfp,cpa_noadv,cpa_noadv_ecfp,1,rmse_rank_average,0.2964,CPA,results/sciplex3_cv/max100/cpa_noadv_ecfp/fold1/evaluation/summary.csv
results/sciplex3_cv/max100,ecfp,cpa_noadv,cpa_noadv_ecfp,1,cosine_pca_average,0.9135,CPA,results/sciplex3_cv/max100/cpa_noadv_ecfp/fold1/evaluation/summary.csv
results/sciplex3_cv/max100,ecfp,cpa_noadv,cpa_noadv_ecfp,1,cosine_rank_pca_average,0.2973,CPA,results/sciplex3_cv/max100/cpa_noadv_ecfp/fold1/evaluation/summary.csv
results/sciplex3_cv/max100,ecfp,cpa_noadv,cpa_noadv_ecfp,1,cosine_logfc,0.3062,CPA,results/sciplex3_cv/max100/cpa_noadv_ecfp/fold1/evaluation/summary.csv
results/sciplex3_cv/max100,ecfp,cpa_noadv,cpa_noadv_ecfp,1,cosine_rank_logfc,0.35,CPA,results/sciplex3_cv/max100/cpa_noadv_ecfp/fold1/evaluation/summary.csv
results/sciplex3_cv/max100,ecfp,cpa_noadv,cpa_noadv_ecfp,1,r2_score_scores,0.002298,CPA,results/sciplex3_cv/max100/cpa_noadv_ecfp/fold1/evaluation/summary.csv
results/sciplex3_cv/max100,ecfp,cpa_noadv,cpa_noadv_ecfp,1,top_k_recall_scores,0.002857,CPA,results/sciplex3_cv/max100/cpa_noadv_ecfp/fold1/evaluation/summary.csv
results/sciplex3_cv/max100,ecfp,cpa_noadv,cpa_noadv_ecfp,1,mmd_pca,0.8169,CPA,results/sciplex3_cv/max100/cpa_noadv_ecfp/fold1/evaluation/summary.csv
results/sciplex3_cv/max100,ecfp,cpa_noadv,cpa_noadv_ecfp,1,mmd_rank_pca,0.3237,CPA,results/sciplex3_cv/max100/cpa_noadv_ecfp/fold1/evaluation/summary.csv
results/sciplex3_cv/max100,ecfp,cpa_noadv,cpa_noadv_ecfp,2,rmse_average,0.02225,CPA,results/sciplex3_cv/max100/cpa_noadv_ecfp/fold2/evaluation/summary.csv
results/sciplex3_cv/max100,ecfp,cpa_noadv,cpa_noadv_ecfp,2,rmse_rank_average,0.3647,CPA,results/sciplex3_cv/max100/cpa_noadv_ecfp/fold2/evaluation/summary.csv
results/sciplex3_cv/max100,ecfp,cpa_noadv,cpa_noadv_ecfp,2,cosine_pca_average,0.9225,CPA,results/sciplex3_cv/max100/cpa_noadv_ecfp/fold2/evaluation/summary.csv
results/sciplex3_cv/max100,ecfp,cpa_noadv,cpa_noadv_ecfp,2,cosine_rank_pca_average,0.1349,CPA,results/sciplex3_cv/max100/cpa_noadv_ecfp/fold2/evaluation/summary.csv
results/sciplex3_cv/max100,ecfp,cpa_noadv,cpa_noadv_ecfp,2,cosine_logfc,0.2883,CPA,results/sciplex3_cv/max100/cpa_noadv_ecfp/fold2/evaluation/summary.csv
results/sciplex3_cv/max100,ecfp,cpa_noadv,cpa_noadv_ecfp,2,cosine_rank_logfc,0.4084,CPA,results/sciplex3_cv/max100/cpa_noadv_ecfp/fold2/evaluation/summary.csv
results/sciplex3_cv/max100,ecfp,cpa_noadv,cpa_noadv_ecfp,2,r2_score_scores,-0.0016,CPA,results/sciplex3_cv/max100/cpa_noadv_ecfp/fold2/evaluation/summary.csv
results/sciplex3_cv/max100,ecfp,cpa_noadv,cpa_noadv_ecfp,2,top_k_recall_scores,0.0009524,CPA,results/sciplex3_cv/max100/cpa_noadv_ecfp/fold2/evaluation/summary.csv
results/sciplex3_cv/max100,ecfp,cpa_noadv,cpa_noadv_ecfp,2,mmd_pca,0.8341,CPA,results/sciplex3_cv/max100/cpa_noadv_ecfp/fold2/evaluation/summary.csv
results/sciplex3_cv/max100,ecfp,cpa_noadv,cpa_noadv_ecfp,2,mmd_rank_pca,0.1419,CPA,results/sciplex3_cv/max100/cpa_noadv_ecfp/fold2/evaluation/summary.csv
results/sciplex3_cv/max100,ecfp,cpa_noadv,cpa_noadv_ecfp,3,rmse_average,0.02285,CPA,results/sciplex3_cv/max100/cpa_noadv_ecfp/fold3/evaluation/summary.csv
results/sciplex3_cv/max100,ecfp,cpa_noadv,cpa_noadv_ecfp,3,rmse_rank_average,0.3339,CPA,results/sciplex3_cv/max100/cpa_noadv_ecfp/fold3/evaluation/summary.csv
results/sciplex3_cv/max100,ecfp,cpa_noadv,cpa_noadv_ecfp,3,cosine_pca_average,0.9165,CPA,results/sciplex3_cv/max100/cpa_noadv_ecfp/fold3/evaluation/summary.csv
results/sciplex3_cv/max100,ecfp,cpa_noadv,cpa_noadv_ecfp,3,cosine_rank_pca_average,0.1965,CPA,results/sciplex3_cv/max100/cpa_noadv_ecfp/fold3/evaluation/summary.csv
results/sciplex3_cv/max100,ecfp,cpa_noadv,cpa_noadv_ecfp,3,cosine_logfc,0.2982,CPA,results/sciplex3_cv/max100/cpa_noadv_ecfp/fold3/evaluation/summary.csv
results/sciplex3_cv/max100,ecfp,cpa_noadv,cpa_noadv_ecfp,3,cosine_rank_logfc,0.3386,CPA,results/sciplex3_cv/max100/cpa_noadv_ecfp/fold3/evaluation/summary.csv
results/sciplex3_cv/max100,ecfp,cpa_noadv,cpa_noadv_ecfp,3,r2_score_scores,0.002718,CPA,results/sciplex3_cv/max100/cpa_noadv_ecfp/fold3/evaluation/summary.csv
results/sciplex3_cv/max100,ecfp,cpa_noadv,cpa_noadv_ecfp,3,top_k_recall_scores,0.002114,CPA,results/sciplex3_cv/max100/cpa_noadv_ecfp/fold3/evaluation/summary.csv
results/sciplex3_cv/max100,ecfp,cpa_noadv,cpa_noadv_ecfp,3,mmd_pca,0.8944,CPA,results/sciplex3_cv/max100/cpa_noadv_ecfp/fold3/evaluation/summary.csv
results/sciplex3_cv/max100,ecfp,cpa_noadv,cpa_noadv_ecfp,3,mmd_rank_pca,0.1811,CPA,results/sciplex3_cv/max100/cpa_noadv_ecfp/fold3/evaluation/summary.csv
